<!--
  ~ JBoss, Home of Professional Open Source
  ~ Copyright 2010 Red Hat Inc. and/or its affiliates and other
  ~ contributors as indicated by the @author tags. All rights reserved.
  ~ See the copyright.txt in the distribution for a full listing of
  ~ individual contributors.
  ~
  ~ This is free software; you can redistribute it and/or modify it
  ~ under the terms of the GNU Lesser General Public License as
  ~ published by the Free Software Foundation; either version 2.1 of
  ~ the License, or (at your option) any later version.
  ~
  ~ This software is distributed in the hope that it will be useful,
  ~ but WITHOUT ANY WARRANTY; without even the implied warranty of
  ~ MERCHANTABILITY or FITNESS FOR A PARTICULAR PURPOSE. See the GNU
  ~ Lesser General Public License for more details.
  ~
  ~ You should have received a copy of the GNU Lesser General Public
  ~ License along with this software; if not, write to the Free
  ~ Software Foundation, Inc., 51 Franklin St, Fifth Floor, Boston, MA
  ~ 02110-1301 USA, or see the FSF site: http://www.fsf.org.
  -->
<config xmlns="urn:org:jgroups"
        xmlns:xsi="http://www.w3.org/2001/XMLSchema-instance"
        xsi:schemaLocation="urn:org:jgroups file:schema/JGroups-2.8.xsd">
   <UDP
         mcast_addr="${jgroups.udp.mcast_addr:228.6.7.8}"
         mcast_port="${jgroups.udp.mcast_port:46655}"
         tos="8"
         ucast_recv_buf_size="20000000"
         ucast_send_buf_size="640000"
         mcast_recv_buf_size="25000000"
         mcast_send_buf_size="640000"
         loopback="true"
         discard_incompatible_packets="true"
         max_bundle_size="64000"
         max_bundle_timeout="30"
         ip_ttl="${jgroups.udp.ip_ttl:2}"
         enable_bundling="true"
         enable_diagnostics="false"

         thread_naming_pattern="pl"

         thread_pool.enabled="true"
         thread_pool.min_threads="2"
         thread_pool.max_threads="30"
         thread_pool.keep_alive_time="5000"
         thread_pool.queue_enabled="false"
         thread_pool.queue_max_size="100"
         thread_pool.rejection_policy="Discard"

         oob_thread_pool.enabled="true"
         oob_thread_pool.min_threads="2"
         oob_thread_pool.max_threads="30"
         oob_thread_pool.keep_alive_time="5000"
         oob_thread_pool.queue_enabled="false"
         oob_thread_pool.queue_max_size="100"
         oob_thread_pool.rejection_policy="Discard"
         />

   <PING timeout="3000" num_initial_members="3"/>
   <MERGE2 max_interval="30000" min_interval="10000"/>
   <FD_SOCK/>
   <FD_ALL/>
   <BARRIER />
   <pbcast.NAKACK use_stats_for_retransmission="false"
                   exponential_backoff="0"
                   use_mcast_xmit="true" gc_lag="0"
                   retransmit_timeout="300,600,1200"
                   discard_delivered_msgs="true"/>
   <UNICAST timeout="300,600,1200"/>
   <pbcast.STABLE stability_delay="1000" desired_avg_gossip="50000" max_bytes="1000000"/>
   <pbcast.GMS print_local_addr="false" join_timeout="3000" view_bundling="true"/>
   <UFC max_credits="500000" min_threshold="0.20"/>
   <MFC max_credits="500000" min_threshold="0.20"/>
   <FRAG2 frag_size="60000"  />
   <pbcast.STREAMING_STATE_TRANSFER/>
</config>
