<?xml version="1.0" encoding="UTF-8"?>
<!--
  ~ Copyright 2011 Red Hat, Inc. and/or its affiliates.
  ~
  ~ This is free software; you can redistribute it and/or modify it
  ~ under the terms of the GNU Lesser General Public License as
  ~ published by the Free Software Foundation; either version 2.1 of
  ~ the License, or (at your option) any later version.
  ~
  ~ This software is distributed in the hope that it will be useful,
  ~ but WITHOUT ANY WARRANTY; without even the implied warranty of
  ~ MERCHANTABILITY or FITNESS FOR A PARTICULAR PURPOSE.  See the GNU
  ~ Lesser General Public License for more details.
  ~
  ~ You should have received a copy of the GNU Lesser General Public
  ~ License along with this library; if not, write to the Free Software
  ~ Foundation, Inc., 51 Franklin Street, Fifth Floor, Boston, MA
  ~ 02110-1301 USA
  -->

<infinispan
      xmlns:xsi="http://www.w3.org/2001/XMLSchema-instance"
      xsi:schemaLocation="urn:infinispan:config:5.0 http://www.infinispan.org/schemas/infinispan-config-5.0.xsd"
      xmlns="urn:infinispan:config:5.0">

   <global>
      <transport>
         <properties>
            <property name="configurationFile" value="jgroups-ec2.xml" />
         </properties>
      </transport>
   </global>

   <default>
      <clustering mode="distribution">
         <l1 enabled="false" />
         <hash numOwners="2"/>
         <sync/>
      </clustering>
   </default>

</infinispan>
