<?xml version="1.0" encoding="UTF-8"?>
<!--
  ~ JBoss, Home of Professional Open Source
  ~ Copyright 2009 Red Hat Inc. and/or its affiliates and other
  ~ contributors as indicated by the @author tags. All rights reserved.
  ~ See the copyright.txt in the distribution for a full listing of
  ~ individual contributors.
  ~
  ~ This is free software; you can redistribute it and/or modify it
  ~ under the terms of the GNU Lesser General Public License as
  ~ published by the Free Software Foundation; either version 2.1 of
  ~ the License, or (at your option) any later version.
  ~
  ~ This software is distributed in the hope that it will be useful,
  ~ but WITHOUT ANY WARRANTY; without even the implied warranty of
  ~ MERCHANTABILITY or FITNESS FOR A PARTICULAR PURPOSE. See the GNU
  ~ Lesser General Public License for more details.
  ~
  ~ You should have received a copy of the GNU Lesser General Public
  ~ License along with this software; if not, write to the Free
  ~ Software Foundation, Inc., 51 Franklin St, Fifth Floor, Boston, MA
  ~ 02110-1301 USA, or see the FSF site: http://www.fsf.org.
  -->
<infinispan
      xmlns:xsi="http://www.w3.org/2001/XMLSchema-instance"
      xsi:schemaLocation="urn:infinispan:config:4.0 http://www.infinispan.org/schemas/infinispan-config-4.0.xsd"
      xmlns="urn:infinispan:config:4.0">
   
   <global>
      <transport clusterName="demoCluster"/>
      <globalJmxStatistics enabled="true"/>
   </global>

   <default>
      <jmxStatistics enabled="true"/>
      <clustering mode="distribution">
         <l1 enabled="true" lifespan="60000"/>
         <hash numOwners="2" rehashRpcTimeout="120000"/>
         <sync/>
      </clustering>
   </default>
</infinispan>
