<?xml version="1.0" encoding="UTF-8"?>
<infinispan
      xmlns:xsi="http://www.w3.org/2001/XMLSchema-instance"
      xsi:schemaLocation="urn:infinispan:config:4.2 http://www.infinispan.org/schemas/infinispan-config-4.2.xsd"
      xmlns="urn:infinispan:config:4.2">
   
   <global>
      <transport clusterName="demoCluster1">
         <properties>
            <property name="configurationFile" value="config-samples/jgroups-relay1.xml" />
         </properties>
      </transport>
      <globalJmxStatistics enabled="true"/>
   </global>

   <default>
      <jmxStatistics enabled="true"/>
      <clustering mode="distribution">
         <l1 enabled="false" lifespan="10000"/>
         <hash numOwners="2" rehashWait="5000" rehashRpcTimeout="10000" />
         <!--<hash numOwners="2" rehashWait="5000" rehashRpcTimeout="10000"
                   class="org.infinispan.distribution.ch.TopologyAwareConsistentHash"/>-->
         <async/>
      </clustering>
   </default>
</infinispan>
